{
  "swagger": "2.0",
  "info": {
    "version": "1.0.0",
    "title": "REST API",
    "description": ""
  },
  "host": "localhost:3000",
  "basePath": "/",
  "schemes": [
    "http"
  ],
  "paths": {
    "/signUp": {
      "post": {
        "description": "",
        "parameters": [],
        "responses": {}
      }
    },
    "/login": {
      "post": {
        "description": "",
        "parameters": [],
        "responses": {}
      }
    },
    "/createPitch": {
      "post": {
        "description": "",
        "parameters": [],
        "responses": {}
      }
    },
    "/findAllPitches": {
      "get": {
        "description": "",
        "parameters": [],
        "responses": {}
      }
    },
    "/findPitchById/{id}": {
      "get": {
        "description": "",
        "parameters": [
          {
            "name": "id",
            "in": "path",
            "required": true,
            "type": "string"
          }
        ],
        "responses": {}
      }
    }
  }
}